{
    "rmse": 5795.0571485675055,
    "mae": 4017.42347056848,
    "r2": 0.7311917035995001
}